{"providers":[
	{
		"type": "bitmap",
		"file": "minecraft:pics/logo.png",
		"height": 40,
		"ascent": 35,
		"chars": [
			"😃"
		]
	},
	{
		"type":"bitmap",
		"file":"minecraft:pics/server.png",
		"ascent":30,
		"height":50,
		"chars":["⠭"]
	},
	{
		"type":"bitmap",
		"file":"minecraft:pics/omega.png",
		"ascent":10,
		"height":12,
		"chars":["⠁"]
	},
	{
		"type":"bitmap",
		"file":"minecraft:pics/alpha.png",
		"ascent":10,
		"height":12,
		"chars":["⠃"]
	},	
	{
		"type":"bitmap",
		"file":"minecraft:pics/delta.png",
		"ascent":10,
		"height":12,
		"chars":["⠆"]
	}    
]
}